teamId,playerId,position,number,orderType
0,1,CATCHER,1,NORMAL
0,1,CATCHER,1,LEFT
0,1,CATCHER,1,DH
0,1,CATCHER,1,LEFT_DH
0,2,FIRST_BASEMAN,2,NORMAL
0,2,FIRST_BASEMAN,2,LEFT
0,2,FIRST_BASEMAN,2,DH
0,2,FIRST_BASEMAN,2,LEFT_DH
0,3,SECOND_BASEMAN,3,NORMAL
0,3,SECOND_BASEMAN,3,LEFT
0,3,SECOND_BASEMAN,3,DH
0,3,SECOND_BASEMAN,3,LEFT_DH
0,4,SHORTSTOP,4,NORMAL
0,4,SHORTSTOP,4,LEFT
0,4,SHORTSTOP,4,DH
0,4,SHORTSTOP,4,LEFT_DH
0,5,THIRD_BASEMAN,5,NORMAL
0,5,THIRD_BASEMAN,5,LEFT
0,5,THIRD_BASEMAN,5,DH
0,5,THIRD_BASEMAN,5,LEFT_DH
0,6,LEFT_FIELDER,6,NORMAL
0,6,LEFT_FIELDER,6,LEFT
0,6,LEFT_FIELDER,6,DH
0,6,LEFT_FIELDER,6,LEFT_DH
0,7,CENTER_FIELDER,7,NORMAL
0,7,CENTER_FIELDER,7,LEFT
0,7,CENTER_FIELDER,7,DH
0,7,CENTER_FIELDER,7,LEFT_DH
0,8,RIGHT_FIELDER,8,NORMAL
0,8,RIGHT_FIELDER,8,LEFT
0,8,RIGHT_FIELDER,8,DH
0,8,RIGHT_FIELDER,8,LEFT_DH
0,9,BENCH,9,NORMAL
0,9,BENCH,9,LEFT
0,9,DH,9,DH
0,9,DH,9,LEFT_DH
0,10,PITCHER,9,NORMAL
0,10,PITCHER,9,LEFT
0,11,BENCH,1,NORMAL
0,11,BENCH,1,LEFT
0,11,BENCH,1,DH
0,11,BENCH,1,LEFT_DH
0,12,BENCH,2,NORMAL
0,12,BENCH,2,LEFT
0,12,BENCH,2,DH
0,12,BENCH,2,LEFT_DH
0,13,BENCH,3,NORMAL
0,13,BENCH,3,LEFT
0,13,BENCH,3,DH
0,13,BENCH,3,LEFT_DH
0,14,BENCH,4,NORMAL
0,14,BENCH,4,LEFT
0,14,BENCH,4,DH
0,14,BENCH,4,LEFT_DH
0,15,BENCH,5,NORMAL
0,15,BENCH,5,LEFT
0,15,BENCH,5,DH
0,15,BENCH,5,LEFT_DH
0,16,BENCH,6,NORMAL
0,16,BENCH,6,LEFT
0,16,BENCH,6,DH
0,16,BENCH,6,LEFT_DH
0,17,BENCH,7,NORMAL
0,17,BENCH,7,LEFT
0,17,BENCH,7,DH
0,17,BENCH,7,LEFT_DH
0,18,BENCH,8,NORMAL
0,18,BENCH,8,LEFT
0,18,BENCH,8,DH
0,18,BENCH,8,LEFT_DH
0,19,SUBSTITUTE,1,NORMAL
0,19,SUBSTITUTE,1,LEFT
0,19,SUBSTITUTE,1,DH
0,19,SUBSTITUTE,1,LEFT_DH
0,20,SUBSTITUTE,2,NORMAL
0,20,SUBSTITUTE,2,LEFT
0,20,SUBSTITUTE,2,DH
0,20,SUBSTITUTE,2,LEFT_DH
0,21,SUBSTITUTE,3,NORMAL
0,21,SUBSTITUTE,3,LEFT
0,21,SUBSTITUTE,3,DH
0,21,SUBSTITUTE,3,LEFT_DH
0,22,SUBSTITUTE,4,NORMAL
0,22,SUBSTITUTE,4,LEFT
0,22,SUBSTITUTE,4,DH
0,22,SUBSTITUTE,4,LEFT_DH
0,23,SUBSTITUTE,5,NORMAL
0,23,SUBSTITUTE,5,LEFT
0,23,SUBSTITUTE,5,DH
0,23,SUBSTITUTE,5,LEFT_DH
0,24,SUBSTITUTE,6,NORMAL
0,24,SUBSTITUTE,6,LEFT
0,24,SUBSTITUTE,6,DH
0,24,SUBSTITUTE,6,LEFT_DH
0,25,SUBSTITUTE,7,NORMAL
0,25,SUBSTITUTE,7,LEFT
0,25,SUBSTITUTE,7,DH
0,25,SUBSTITUTE,7,LEFT_DH
0,26,SUBSTITUTE,8,NORMAL
0,26,SUBSTITUTE,8,LEFT
0,26,SUBSTITUTE,8,DH
0,26,SUBSTITUTE,8,LEFT_DH
0,27,SUBSTITUTE,9,NORMAL
0,27,SUBSTITUTE,9,LEFT
0,27,SUBSTITUTE,9,DH
0,27,SUBSTITUTE,9,LEFT_DH
0,28,SUBSTITUTE,10,NORMAL
0,28,SUBSTITUTE,10,LEFT
0,28,SUBSTITUTE,10,DH
0,28,SUBSTITUTE,10,LEFT_DH
0,29,SUBSTITUTE,11,NORMAL
0,29,SUBSTITUTE,11,LEFT
0,29,SUBSTITUTE,11,DH
0,29,SUBSTITUTE,11,LEFT_DH
0,30,SUBSTITUTE,12,NORMAL
0,30,SUBSTITUTE,12,LEFT
0,30,SUBSTITUTE,12,DH
0,30,SUBSTITUTE,12,LEFT_DH
0,31,SUBSTITUTE,13,NORMAL
0,31,SUBSTITUTE,13,LEFT
0,31,SUBSTITUTE,13,DH
0,31,SUBSTITUTE,13,LEFT_DH
1,62,CATCHER,1,NORMAL
1,62,CATCHER,1,LEFT
1,62,CATCHER,1,DH
1,62,CATCHER,1,LEFT_DH
1,63,FIRST_BASEMAN,2,NORMAL
1,63,FIRST_BASEMAN,2,LEFT
1,63,FIRST_BASEMAN,2,DH
1,63,FIRST_BASEMAN,2,LEFT_DH
1,64,SECOND_BASEMAN,3,NORMAL
1,64,SECOND_BASEMAN,3,LEFT
1,64,SECOND_BASEMAN,3,DH
1,64,SECOND_BASEMAN,3,LEFT_DH
1,65,SHORTSTOP,4,NORMAL
1,65,SHORTSTOP,4,LEFT
1,65,SHORTSTOP,4,DH
1,65,SHORTSTOP,4,LEFT_DH
1,66,THIRD_BASEMAN,5,NORMAL
1,66,THIRD_BASEMAN,5,LEFT
1,66,THIRD_BASEMAN,5,DH
1,66,THIRD_BASEMAN,5,LEFT_DH
1,67,LEFT_FIELDER,6,NORMAL
1,67,LEFT_FIELDER,6,LEFT
1,67,LEFT_FIELDER,6,DH
1,67,LEFT_FIELDER,6,LEFT_DH
1,68,CENTER_FIELDER,7,NORMAL
1,68,CENTER_FIELDER,7,LEFT
1,68,CENTER_FIELDER,7,DH
1,68,CENTER_FIELDER,7,LEFT_DH
1,69,RIGHT_FIELDER,8,NORMAL
1,69,RIGHT_FIELDER,8,LEFT
1,69,RIGHT_FIELDER,8,DH
1,69,RIGHT_FIELDER,8,LEFT_DH
1,70,BENCH,9,NORMAL
1,70,BENCH,9,LEFT
1,70,DH,9,DH
1,70,DH,9,LEFT_DH
1,71,PITCHER,9,NORMAL
1,71,PITCHER,9,LEFT
1,72,BENCH,1,NORMAL
1,72,BENCH,1,LEFT
1,72,BENCH,1,DH
1,72,BENCH,1,LEFT_DH
1,73,BENCH,2,NORMAL
1,73,BENCH,2,LEFT
1,73,BENCH,2,DH
1,73,BENCH,2,LEFT_DH
1,74,BENCH,3,NORMAL
1,74,BENCH,3,LEFT
1,74,BENCH,3,DH
1,74,BENCH,3,LEFT_DH
1,75,BENCH,4,NORMAL
1,75,BENCH,4,LEFT
1,75,BENCH,4,DH
1,75,BENCH,4,LEFT_DH
1,76,BENCH,5,NORMAL
1,76,BENCH,5,LEFT
1,76,BENCH,5,DH
1,76,BENCH,5,LEFT_DH
1,77,BENCH,6,NORMAL
1,77,BENCH,6,LEFT
1,77,BENCH,6,DH
1,77,BENCH,6,LEFT_DH
1,78,BENCH,7,NORMAL
1,78,BENCH,7,LEFT
1,78,BENCH,7,DH
1,78,BENCH,7,LEFT_DH
1,79,BENCH,8,NORMAL
1,79,BENCH,8,LEFT
1,79,BENCH,8,DH
1,79,BENCH,8,LEFT_DH
1,80,SUBSTITUTE,1,NORMAL
1,80,SUBSTITUTE,1,LEFT
1,80,SUBSTITUTE,1,DH
1,80,SUBSTITUTE,1,LEFT_DH
1,81,SUBSTITUTE,2,NORMAL
1,81,SUBSTITUTE,2,LEFT
1,81,SUBSTITUTE,2,DH
1,81,SUBSTITUTE,2,LEFT_DH
1,82,SUBSTITUTE,3,NORMAL
1,82,SUBSTITUTE,3,LEFT
1,82,SUBSTITUTE,3,DH
1,82,SUBSTITUTE,3,LEFT_DH
1,83,SUBSTITUTE,4,NORMAL
1,83,SUBSTITUTE,4,LEFT
1,83,SUBSTITUTE,4,DH
1,83,SUBSTITUTE,4,LEFT_DH
1,84,SUBSTITUTE,5,NORMAL
1,84,SUBSTITUTE,5,LEFT
1,84,SUBSTITUTE,5,DH
1,84,SUBSTITUTE,5,LEFT_DH
1,85,SUBSTITUTE,6,NORMAL
1,85,SUBSTITUTE,6,LEFT
1,85,SUBSTITUTE,6,DH
1,85,SUBSTITUTE,6,LEFT_DH
1,86,SUBSTITUTE,7,NORMAL
1,86,SUBSTITUTE,7,LEFT
1,86,SUBSTITUTE,7,DH
1,86,SUBSTITUTE,7,LEFT_DH
1,87,SUBSTITUTE,8,NORMAL
1,87,SUBSTITUTE,8,LEFT
1,87,SUBSTITUTE,8,DH
1,87,SUBSTITUTE,8,LEFT_DH
1,88,SUBSTITUTE,9,NORMAL
1,88,SUBSTITUTE,9,LEFT
1,88,SUBSTITUTE,9,DH
1,88,SUBSTITUTE,9,LEFT_DH
1,89,SUBSTITUTE,10,NORMAL
1,89,SUBSTITUTE,10,LEFT
1,89,SUBSTITUTE,10,DH
1,89,SUBSTITUTE,10,LEFT_DH
1,90,SUBSTITUTE,11,NORMAL
1,90,SUBSTITUTE,11,LEFT
1,90,SUBSTITUTE,11,DH
1,90,SUBSTITUTE,11,LEFT_DH
1,91,SUBSTITUTE,12,NORMAL
1,91,SUBSTITUTE,12,LEFT
1,91,SUBSTITUTE,12,DH
1,91,SUBSTITUTE,12,LEFT_DH
1,92,SUBSTITUTE,13,NORMAL
1,92,SUBSTITUTE,13,LEFT
1,92,SUBSTITUTE,13,DH
1,92,SUBSTITUTE,13,LEFT_DH
2,123,CATCHER,1,NORMAL
2,123,CATCHER,1,LEFT
2,123,CATCHER,1,DH
2,123,CATCHER,1,LEFT_DH
2,124,FIRST_BASEMAN,2,NORMAL
2,124,FIRST_BASEMAN,2,LEFT
2,124,FIRST_BASEMAN,2,DH
2,124,FIRST_BASEMAN,2,LEFT_DH
2,125,SECOND_BASEMAN,3,NORMAL
2,125,SECOND_BASEMAN,3,LEFT
2,125,SECOND_BASEMAN,3,DH
2,125,SECOND_BASEMAN,3,LEFT_DH
2,126,SHORTSTOP,4,NORMAL
2,126,SHORTSTOP,4,LEFT
2,126,SHORTSTOP,4,DH
2,126,SHORTSTOP,4,LEFT_DH
2,127,THIRD_BASEMAN,5,NORMAL
2,127,THIRD_BASEMAN,5,LEFT
2,127,THIRD_BASEMAN,5,DH
2,127,THIRD_BASEMAN,5,LEFT_DH
2,128,LEFT_FIELDER,6,NORMAL
2,128,LEFT_FIELDER,6,LEFT
2,128,LEFT_FIELDER,6,DH
2,128,LEFT_FIELDER,6,LEFT_DH
2,129,CENTER_FIELDER,7,NORMAL
2,129,CENTER_FIELDER,7,LEFT
2,129,CENTER_FIELDER,7,DH
2,129,CENTER_FIELDER,7,LEFT_DH
2,130,RIGHT_FIELDER,8,NORMAL
2,130,RIGHT_FIELDER,8,LEFT
2,130,RIGHT_FIELDER,8,DH
2,130,RIGHT_FIELDER,8,LEFT_DH
2,131,BENCH,9,NORMAL
2,131,BENCH,9,LEFT
2,131,DH,9,DH
2,131,DH,9,LEFT_DH
2,132,PITCHER,9,NORMAL
2,132,PITCHER,9,LEFT
2,133,BENCH,1,NORMAL
2,133,BENCH,1,LEFT
2,133,BENCH,1,DH
2,133,BENCH,1,LEFT_DH
2,134,BENCH,2,NORMAL
2,134,BENCH,2,LEFT
2,134,BENCH,2,DH
2,134,BENCH,2,LEFT_DH
2,135,BENCH,3,NORMAL
2,135,BENCH,3,LEFT
2,135,BENCH,3,DH
2,135,BENCH,3,LEFT_DH
2,136,BENCH,4,NORMAL
2,136,BENCH,4,LEFT
2,136,BENCH,4,DH
2,136,BENCH,4,LEFT_DH
2,137,BENCH,5,NORMAL
2,137,BENCH,5,LEFT
2,137,BENCH,5,DH
2,137,BENCH,5,LEFT_DH
2,138,BENCH,6,NORMAL
2,138,BENCH,6,LEFT
2,138,BENCH,6,DH
2,138,BENCH,6,LEFT_DH
2,139,BENCH,7,NORMAL
2,139,BENCH,7,LEFT
2,139,BENCH,7,DH
2,139,BENCH,7,LEFT_DH
2,140,BENCH,8,NORMAL
2,140,BENCH,8,LEFT
2,140,BENCH,8,DH
2,140,BENCH,8,LEFT_DH
2,141,SUBSTITUTE,1,NORMAL
2,141,SUBSTITUTE,1,LEFT
2,141,SUBSTITUTE,1,DH
2,141,SUBSTITUTE,1,LEFT_DH
2,142,SUBSTITUTE,2,NORMAL
2,142,SUBSTITUTE,2,LEFT
2,142,SUBSTITUTE,2,DH
2,142,SUBSTITUTE,2,LEFT_DH
2,143,SUBSTITUTE,3,NORMAL
2,143,SUBSTITUTE,3,LEFT
2,143,SUBSTITUTE,3,DH
2,143,SUBSTITUTE,3,LEFT_DH
2,144,SUBSTITUTE,4,NORMAL
2,144,SUBSTITUTE,4,LEFT
2,144,SUBSTITUTE,4,DH
2,144,SUBSTITUTE,4,LEFT_DH
2,145,SUBSTITUTE,5,NORMAL
2,145,SUBSTITUTE,5,LEFT
2,145,SUBSTITUTE,5,DH
2,145,SUBSTITUTE,5,LEFT_DH
2,146,SUBSTITUTE,6,NORMAL
2,146,SUBSTITUTE,6,LEFT
2,146,SUBSTITUTE,6,DH
2,146,SUBSTITUTE,6,LEFT_DH
2,147,SUBSTITUTE,7,NORMAL
2,147,SUBSTITUTE,7,LEFT
2,147,SUBSTITUTE,7,DH
2,147,SUBSTITUTE,7,LEFT_DH
2,148,SUBSTITUTE,8,NORMAL
2,148,SUBSTITUTE,8,LEFT
2,148,SUBSTITUTE,8,DH
2,148,SUBSTITUTE,8,LEFT_DH
2,149,SUBSTITUTE,9,NORMAL
2,149,SUBSTITUTE,9,LEFT
2,149,SUBSTITUTE,9,DH
2,149,SUBSTITUTE,9,LEFT_DH
2,150,SUBSTITUTE,10,NORMAL
2,150,SUBSTITUTE,10,LEFT
2,150,SUBSTITUTE,10,DH
2,150,SUBSTITUTE,10,LEFT_DH
2,151,SUBSTITUTE,11,NORMAL
2,151,SUBSTITUTE,11,LEFT
2,151,SUBSTITUTE,11,DH
2,151,SUBSTITUTE,11,LEFT_DH
2,152,SUBSTITUTE,12,NORMAL
2,152,SUBSTITUTE,12,LEFT
2,152,SUBSTITUTE,12,DH
2,152,SUBSTITUTE,12,LEFT_DH
2,153,SUBSTITUTE,13,NORMAL
2,153,SUBSTITUTE,13,LEFT
2,153,SUBSTITUTE,13,DH
2,153,SUBSTITUTE,13,LEFT_DH
3,184,CATCHER,1,NORMAL
3,184,CATCHER,1,LEFT
3,184,CATCHER,1,DH
3,184,CATCHER,1,LEFT_DH
3,185,FIRST_BASEMAN,2,NORMAL
3,185,FIRST_BASEMAN,2,LEFT
3,185,FIRST_BASEMAN,2,DH
3,185,FIRST_BASEMAN,2,LEFT_DH
3,186,SECOND_BASEMAN,3,NORMAL
3,186,SECOND_BASEMAN,3,LEFT
3,186,SECOND_BASEMAN,3,DH
3,186,SECOND_BASEMAN,3,LEFT_DH
3,187,SHORTSTOP,4,NORMAL
3,187,SHORTSTOP,4,LEFT
3,187,SHORTSTOP,4,DH
3,187,SHORTSTOP,4,LEFT_DH
3,188,THIRD_BASEMAN,5,NORMAL
3,188,THIRD_BASEMAN,5,LEFT
3,188,THIRD_BASEMAN,5,DH
3,188,THIRD_BASEMAN,5,LEFT_DH
3,189,LEFT_FIELDER,6,NORMAL
3,189,LEFT_FIELDER,6,LEFT
3,189,LEFT_FIELDER,6,DH
3,189,LEFT_FIELDER,6,LEFT_DH
3,190,CENTER_FIELDER,7,NORMAL
3,190,CENTER_FIELDER,7,LEFT
3,190,CENTER_FIELDER,7,DH
3,190,CENTER_FIELDER,7,LEFT_DH
3,191,RIGHT_FIELDER,8,NORMAL
3,191,RIGHT_FIELDER,8,LEFT
3,191,RIGHT_FIELDER,8,DH
3,191,RIGHT_FIELDER,8,LEFT_DH
3,192,BENCH,9,NORMAL
3,192,BENCH,9,LEFT
3,192,DH,9,DH
3,192,DH,9,LEFT_DH
3,193,PITCHER,9,NORMAL
3,193,PITCHER,9,LEFT
3,194,BENCH,1,NORMAL
3,194,BENCH,1,LEFT
3,194,BENCH,1,DH
3,194,BENCH,1,LEFT_DH
3,195,BENCH,2,NORMAL
3,195,BENCH,2,LEFT
3,195,BENCH,2,DH
3,195,BENCH,2,LEFT_DH
3,196,BENCH,3,NORMAL
3,196,BENCH,3,LEFT
3,196,BENCH,3,DH
3,196,BENCH,3,LEFT_DH
3,197,BENCH,4,NORMAL
3,197,BENCH,4,LEFT
3,197,BENCH,4,DH
3,197,BENCH,4,LEFT_DH
3,198,BENCH,5,NORMAL
3,198,BENCH,5,LEFT
3,198,BENCH,5,DH
3,198,BENCH,5,LEFT_DH
3,199,BENCH,6,NORMAL
3,199,BENCH,6,LEFT
3,199,BENCH,6,DH
3,199,BENCH,6,LEFT_DH
3,200,BENCH,7,NORMAL
3,200,BENCH,7,LEFT
3,200,BENCH,7,DH
3,200,BENCH,7,LEFT_DH
3,201,BENCH,8,NORMAL
3,201,BENCH,8,LEFT
3,201,BENCH,8,DH
3,201,BENCH,8,LEFT_DH
3,202,SUBSTITUTE,1,NORMAL
3,202,SUBSTITUTE,1,LEFT
3,202,SUBSTITUTE,1,DH
3,202,SUBSTITUTE,1,LEFT_DH
3,203,SUBSTITUTE,2,NORMAL
3,203,SUBSTITUTE,2,LEFT
3,203,SUBSTITUTE,2,DH
3,203,SUBSTITUTE,2,LEFT_DH
3,204,SUBSTITUTE,3,NORMAL
3,204,SUBSTITUTE,3,LEFT
3,204,SUBSTITUTE,3,DH
3,204,SUBSTITUTE,3,LEFT_DH
3,205,SUBSTITUTE,4,NORMAL
3,205,SUBSTITUTE,4,LEFT
3,205,SUBSTITUTE,4,DH
3,205,SUBSTITUTE,4,LEFT_DH
3,206,SUBSTITUTE,5,NORMAL
3,206,SUBSTITUTE,5,LEFT
3,206,SUBSTITUTE,5,DH
3,206,SUBSTITUTE,5,LEFT_DH
3,207,SUBSTITUTE,6,NORMAL
3,207,SUBSTITUTE,6,LEFT
3,207,SUBSTITUTE,6,DH
3,207,SUBSTITUTE,6,LEFT_DH
3,208,SUBSTITUTE,7,NORMAL
3,208,SUBSTITUTE,7,LEFT
3,208,SUBSTITUTE,7,DH
3,208,SUBSTITUTE,7,LEFT_DH
3,209,SUBSTITUTE,8,NORMAL
3,209,SUBSTITUTE,8,LEFT
3,209,SUBSTITUTE,8,DH
3,209,SUBSTITUTE,8,LEFT_DH
3,210,SUBSTITUTE,9,NORMAL
3,210,SUBSTITUTE,9,LEFT
3,210,SUBSTITUTE,9,DH
3,210,SUBSTITUTE,9,LEFT_DH
3,211,SUBSTITUTE,10,NORMAL
3,211,SUBSTITUTE,10,LEFT
3,211,SUBSTITUTE,10,DH
3,211,SUBSTITUTE,10,LEFT_DH
3,212,SUBSTITUTE,11,NORMAL
3,212,SUBSTITUTE,11,LEFT
3,212,SUBSTITUTE,11,DH
3,212,SUBSTITUTE,11,LEFT_DH
3,213,SUBSTITUTE,12,NORMAL
3,213,SUBSTITUTE,12,LEFT
3,213,SUBSTITUTE,12,DH
3,213,SUBSTITUTE,12,LEFT_DH
3,214,SUBSTITUTE,13,NORMAL
3,214,SUBSTITUTE,13,LEFT
3,214,SUBSTITUTE,13,DH
3,214,SUBSTITUTE,13,LEFT_DH
4,245,CATCHER,1,NORMAL
4,245,CATCHER,1,LEFT
4,245,CATCHER,1,DH
4,245,CATCHER,1,LEFT_DH
4,246,FIRST_BASEMAN,2,NORMAL
4,246,FIRST_BASEMAN,2,LEFT
4,246,FIRST_BASEMAN,2,DH
4,246,FIRST_BASEMAN,2,LEFT_DH
4,247,SECOND_BASEMAN,3,NORMAL
4,247,SECOND_BASEMAN,3,LEFT
4,247,SECOND_BASEMAN,3,DH
4,247,SECOND_BASEMAN,3,LEFT_DH
4,248,SHORTSTOP,4,NORMAL
4,248,SHORTSTOP,4,LEFT
4,248,SHORTSTOP,4,DH
4,248,SHORTSTOP,4,LEFT_DH
4,249,THIRD_BASEMAN,5,NORMAL
4,249,THIRD_BASEMAN,5,LEFT
4,249,THIRD_BASEMAN,5,DH
4,249,THIRD_BASEMAN,5,LEFT_DH
4,250,LEFT_FIELDER,6,NORMAL
4,250,LEFT_FIELDER,6,LEFT
4,250,LEFT_FIELDER,6,DH
4,250,LEFT_FIELDER,6,LEFT_DH
4,251,CENTER_FIELDER,7,NORMAL
4,251,CENTER_FIELDER,7,LEFT
4,251,CENTER_FIELDER,7,DH
4,251,CENTER_FIELDER,7,LEFT_DH
4,252,RIGHT_FIELDER,8,NORMAL
4,252,RIGHT_FIELDER,8,LEFT
4,252,RIGHT_FIELDER,8,DH
4,252,RIGHT_FIELDER,8,LEFT_DH
4,253,BENCH,9,NORMAL
4,253,BENCH,9,LEFT
4,253,DH,9,DH
4,253,DH,9,LEFT_DH
4,254,PITCHER,9,NORMAL
4,254,PITCHER,9,LEFT
4,255,BENCH,1,NORMAL
4,255,BENCH,1,LEFT
4,255,BENCH,1,DH
4,255,BENCH,1,LEFT_DH
4,256,BENCH,2,NORMAL
4,256,BENCH,2,LEFT
4,256,BENCH,2,DH
4,256,BENCH,2,LEFT_DH
4,257,BENCH,3,NORMAL
4,257,BENCH,3,LEFT
4,257,BENCH,3,DH
4,257,BENCH,3,LEFT_DH
4,258,BENCH,4,NORMAL
4,258,BENCH,4,LEFT
4,258,BENCH,4,DH
4,258,BENCH,4,LEFT_DH
4,259,BENCH,5,NORMAL
4,259,BENCH,5,LEFT
4,259,BENCH,5,DH
4,259,BENCH,5,LEFT_DH
4,260,BENCH,6,NORMAL
4,260,BENCH,6,LEFT
4,260,BENCH,6,DH
4,260,BENCH,6,LEFT_DH
4,261,BENCH,7,NORMAL
4,261,BENCH,7,LEFT
4,261,BENCH,7,DH
4,261,BENCH,7,LEFT_DH
4,262,BENCH,8,NORMAL
4,262,BENCH,8,LEFT
4,262,BENCH,8,DH
4,262,BENCH,8,LEFT_DH
4,263,SUBSTITUTE,1,NORMAL
4,263,SUBSTITUTE,1,LEFT
4,263,SUBSTITUTE,1,DH
4,263,SUBSTITUTE,1,LEFT_DH
4,264,SUBSTITUTE,2,NORMAL
4,264,SUBSTITUTE,2,LEFT
4,264,SUBSTITUTE,2,DH
4,264,SUBSTITUTE,2,LEFT_DH
4,265,SUBSTITUTE,3,NORMAL
4,265,SUBSTITUTE,3,LEFT
4,265,SUBSTITUTE,3,DH
4,265,SUBSTITUTE,3,LEFT_DH
4,266,SUBSTITUTE,4,NORMAL
4,266,SUBSTITUTE,4,LEFT
4,266,SUBSTITUTE,4,DH
4,266,SUBSTITUTE,4,LEFT_DH
4,267,SUBSTITUTE,5,NORMAL
4,267,SUBSTITUTE,5,LEFT
4,267,SUBSTITUTE,5,DH
4,267,SUBSTITUTE,5,LEFT_DH
4,268,SUBSTITUTE,6,NORMAL
4,268,SUBSTITUTE,6,LEFT
4,268,SUBSTITUTE,6,DH
4,268,SUBSTITUTE,6,LEFT_DH
4,269,SUBSTITUTE,7,NORMAL
4,269,SUBSTITUTE,7,LEFT
4,269,SUBSTITUTE,7,DH
4,269,SUBSTITUTE,7,LEFT_DH
4,270,SUBSTITUTE,8,NORMAL
4,270,SUBSTITUTE,8,LEFT
4,270,SUBSTITUTE,8,DH
4,270,SUBSTITUTE,8,LEFT_DH
4,271,SUBSTITUTE,9,NORMAL
4,271,SUBSTITUTE,9,LEFT
4,271,SUBSTITUTE,9,DH
4,271,SUBSTITUTE,9,LEFT_DH
4,272,SUBSTITUTE,10,NORMAL
4,272,SUBSTITUTE,10,LEFT
4,272,SUBSTITUTE,10,DH
4,272,SUBSTITUTE,10,LEFT_DH
4,273,SUBSTITUTE,11,NORMAL
4,273,SUBSTITUTE,11,LEFT
4,273,SUBSTITUTE,11,DH
4,273,SUBSTITUTE,11,LEFT_DH
4,274,SUBSTITUTE,12,NORMAL
4,274,SUBSTITUTE,12,LEFT
4,274,SUBSTITUTE,12,DH
4,274,SUBSTITUTE,12,LEFT_DH
4,275,SUBSTITUTE,13,NORMAL
4,275,SUBSTITUTE,13,LEFT
4,275,SUBSTITUTE,13,DH
4,275,SUBSTITUTE,13,LEFT_DH
5,306,CATCHER,1,NORMAL
5,306,CATCHER,1,LEFT
5,306,CATCHER,1,DH
5,306,CATCHER,1,LEFT_DH
5,307,FIRST_BASEMAN,2,NORMAL
5,307,FIRST_BASEMAN,2,LEFT
5,307,FIRST_BASEMAN,2,DH
5,307,FIRST_BASEMAN,2,LEFT_DH
5,308,SECOND_BASEMAN,3,NORMAL
5,308,SECOND_BASEMAN,3,LEFT
5,308,SECOND_BASEMAN,3,DH
5,308,SECOND_BASEMAN,3,LEFT_DH
5,309,SHORTSTOP,4,NORMAL
5,309,SHORTSTOP,4,LEFT
5,309,SHORTSTOP,4,DH
5,309,SHORTSTOP,4,LEFT_DH
5,310,THIRD_BASEMAN,5,NORMAL
5,310,THIRD_BASEMAN,5,LEFT
5,310,THIRD_BASEMAN,5,DH
5,310,THIRD_BASEMAN,5,LEFT_DH
5,311,LEFT_FIELDER,6,NORMAL
5,311,LEFT_FIELDER,6,LEFT
5,311,LEFT_FIELDER,6,DH
5,311,LEFT_FIELDER,6,LEFT_DH
5,312,CENTER_FIELDER,7,NORMAL
5,312,CENTER_FIELDER,7,LEFT
5,312,CENTER_FIELDER,7,DH
5,312,CENTER_FIELDER,7,LEFT_DH
5,313,RIGHT_FIELDER,8,NORMAL
5,313,RIGHT_FIELDER,8,LEFT
5,313,RIGHT_FIELDER,8,DH
5,313,RIGHT_FIELDER,8,LEFT_DH
5,314,BENCH,9,NORMAL
5,314,BENCH,9,LEFT
5,314,DH,9,DH
5,314,DH,9,LEFT_DH
5,315,PITCHER,9,NORMAL
5,315,PITCHER,9,LEFT
5,316,BENCH,1,NORMAL
5,316,BENCH,1,LEFT
5,316,BENCH,1,DH
5,316,BENCH,1,LEFT_DH
5,317,BENCH,2,NORMAL
5,317,BENCH,2,LEFT
5,317,BENCH,2,DH
5,317,BENCH,2,LEFT_DH
5,318,BENCH,3,NORMAL
5,318,BENCH,3,LEFT
5,318,BENCH,3,DH
5,318,BENCH,3,LEFT_DH
5,319,BENCH,4,NORMAL
5,319,BENCH,4,LEFT
5,319,BENCH,4,DH
5,319,BENCH,4,LEFT_DH
5,320,BENCH,5,NORMAL
5,320,BENCH,5,LEFT
5,320,BENCH,5,DH
5,320,BENCH,5,LEFT_DH
5,321,BENCH,6,NORMAL
5,321,BENCH,6,LEFT
5,321,BENCH,6,DH
5,321,BENCH,6,LEFT_DH
5,322,BENCH,7,NORMAL
5,322,BENCH,7,LEFT
5,322,BENCH,7,DH
5,322,BENCH,7,LEFT_DH
5,323,BENCH,8,NORMAL
5,323,BENCH,8,LEFT
5,323,BENCH,8,DH
5,323,BENCH,8,LEFT_DH
5,324,SUBSTITUTE,1,NORMAL
5,324,SUBSTITUTE,1,LEFT
5,324,SUBSTITUTE,1,DH
5,324,SUBSTITUTE,1,LEFT_DH
5,325,SUBSTITUTE,2,NORMAL
5,325,SUBSTITUTE,2,LEFT
5,325,SUBSTITUTE,2,DH
5,325,SUBSTITUTE,2,LEFT_DH
5,326,SUBSTITUTE,3,NORMAL
5,326,SUBSTITUTE,3,LEFT
5,326,SUBSTITUTE,3,DH
5,326,SUBSTITUTE,3,LEFT_DH
5,327,SUBSTITUTE,4,NORMAL
5,327,SUBSTITUTE,4,LEFT
5,327,SUBSTITUTE,4,DH
5,327,SUBSTITUTE,4,LEFT_DH
5,328,SUBSTITUTE,5,NORMAL
5,328,SUBSTITUTE,5,LEFT
5,328,SUBSTITUTE,5,DH
5,328,SUBSTITUTE,5,LEFT_DH
5,329,SUBSTITUTE,6,NORMAL
5,329,SUBSTITUTE,6,LEFT
5,329,SUBSTITUTE,6,DH
5,329,SUBSTITUTE,6,LEFT_DH
5,330,SUBSTITUTE,7,NORMAL
5,330,SUBSTITUTE,7,LEFT
5,330,SUBSTITUTE,7,DH
5,330,SUBSTITUTE,7,LEFT_DH
5,331,SUBSTITUTE,8,NORMAL
5,331,SUBSTITUTE,8,LEFT
5,331,SUBSTITUTE,8,DH
5,331,SUBSTITUTE,8,LEFT_DH
5,332,SUBSTITUTE,9,NORMAL
5,332,SUBSTITUTE,9,LEFT
5,332,SUBSTITUTE,9,DH
5,332,SUBSTITUTE,9,LEFT_DH
5,333,SUBSTITUTE,10,NORMAL
5,333,SUBSTITUTE,10,LEFT
5,333,SUBSTITUTE,10,DH
5,333,SUBSTITUTE,10,LEFT_DH
5,334,SUBSTITUTE,11,NORMAL
5,334,SUBSTITUTE,11,LEFT
5,334,SUBSTITUTE,11,DH
5,334,SUBSTITUTE,11,LEFT_DH
5,335,SUBSTITUTE,12,NORMAL
5,335,SUBSTITUTE,12,LEFT
5,335,SUBSTITUTE,12,DH
5,335,SUBSTITUTE,12,LEFT_DH
5,336,SUBSTITUTE,13,NORMAL
5,336,SUBSTITUTE,13,LEFT
5,336,SUBSTITUTE,13,DH
5,336,SUBSTITUTE,13,LEFT_DH
6,367,CATCHER,1,NORMAL
6,367,CATCHER,1,LEFT
6,367,CATCHER,1,DH
6,367,CATCHER,1,LEFT_DH
6,368,FIRST_BASEMAN,2,NORMAL
6,368,FIRST_BASEMAN,2,LEFT
6,368,FIRST_BASEMAN,2,DH
6,368,FIRST_BASEMAN,2,LEFT_DH
6,369,SECOND_BASEMAN,3,NORMAL
6,369,SECOND_BASEMAN,3,LEFT
6,369,SECOND_BASEMAN,3,DH
6,369,SECOND_BASEMAN,3,LEFT_DH
6,370,SHORTSTOP,4,NORMAL
6,370,SHORTSTOP,4,LEFT
6,370,SHORTSTOP,4,DH
6,370,SHORTSTOP,4,LEFT_DH
6,371,THIRD_BASEMAN,5,NORMAL
6,371,THIRD_BASEMAN,5,LEFT
6,371,THIRD_BASEMAN,5,DH
6,371,THIRD_BASEMAN,5,LEFT_DH
6,372,LEFT_FIELDER,6,NORMAL
6,372,LEFT_FIELDER,6,LEFT
6,372,LEFT_FIELDER,6,DH
6,372,LEFT_FIELDER,6,LEFT_DH
6,373,CENTER_FIELDER,7,NORMAL
6,373,CENTER_FIELDER,7,LEFT
6,373,CENTER_FIELDER,7,DH
6,373,CENTER_FIELDER,7,LEFT_DH
6,374,RIGHT_FIELDER,8,NORMAL
6,374,RIGHT_FIELDER,8,LEFT
6,374,RIGHT_FIELDER,8,DH
6,374,RIGHT_FIELDER,8,LEFT_DH
6,375,BENCH,9,NORMAL
6,375,BENCH,9,LEFT
6,375,DH,9,DH
6,375,DH,9,LEFT_DH
6,376,PITCHER,9,NORMAL
6,376,PITCHER,9,LEFT
6,377,BENCH,1,NORMAL
6,377,BENCH,1,LEFT
6,377,BENCH,1,DH
6,377,BENCH,1,LEFT_DH
6,378,BENCH,2,NORMAL
6,378,BENCH,2,LEFT
6,378,BENCH,2,DH
6,378,BENCH,2,LEFT_DH
6,379,BENCH,3,NORMAL
6,379,BENCH,3,LEFT
6,379,BENCH,3,DH
6,379,BENCH,3,LEFT_DH
6,380,BENCH,4,NORMAL
6,380,BENCH,4,LEFT
6,380,BENCH,4,DH
6,380,BENCH,4,LEFT_DH
6,381,BENCH,5,NORMAL
6,381,BENCH,5,LEFT
6,381,BENCH,5,DH
6,381,BENCH,5,LEFT_DH
6,382,BENCH,6,NORMAL
6,382,BENCH,6,LEFT
6,382,BENCH,6,DH
6,382,BENCH,6,LEFT_DH
6,383,BENCH,7,NORMAL
6,383,BENCH,7,LEFT
6,383,BENCH,7,DH
6,383,BENCH,7,LEFT_DH
6,384,BENCH,8,NORMAL
6,384,BENCH,8,LEFT
6,384,BENCH,8,DH
6,384,BENCH,8,LEFT_DH
6,385,SUBSTITUTE,1,NORMAL
6,385,SUBSTITUTE,1,LEFT
6,385,SUBSTITUTE,1,DH
6,385,SUBSTITUTE,1,LEFT_DH
6,386,SUBSTITUTE,2,NORMAL
6,386,SUBSTITUTE,2,LEFT
6,386,SUBSTITUTE,2,DH
6,386,SUBSTITUTE,2,LEFT_DH
6,387,SUBSTITUTE,3,NORMAL
6,387,SUBSTITUTE,3,LEFT
6,387,SUBSTITUTE,3,DH
6,387,SUBSTITUTE,3,LEFT_DH
6,388,SUBSTITUTE,4,NORMAL
6,388,SUBSTITUTE,4,LEFT
6,388,SUBSTITUTE,4,DH
6,388,SUBSTITUTE,4,LEFT_DH
6,389,SUBSTITUTE,5,NORMAL
6,389,SUBSTITUTE,5,LEFT
6,389,SUBSTITUTE,5,DH
6,389,SUBSTITUTE,5,LEFT_DH
6,390,SUBSTITUTE,6,NORMAL
6,390,SUBSTITUTE,6,LEFT
6,390,SUBSTITUTE,6,DH
6,390,SUBSTITUTE,6,LEFT_DH
6,391,SUBSTITUTE,7,NORMAL
6,391,SUBSTITUTE,7,LEFT
6,391,SUBSTITUTE,7,DH
6,391,SUBSTITUTE,7,LEFT_DH
6,392,SUBSTITUTE,8,NORMAL
6,392,SUBSTITUTE,8,LEFT
6,392,SUBSTITUTE,8,DH
6,392,SUBSTITUTE,8,LEFT_DH
6,393,SUBSTITUTE,9,NORMAL
6,393,SUBSTITUTE,9,LEFT
6,393,SUBSTITUTE,9,DH
6,393,SUBSTITUTE,9,LEFT_DH
6,394,SUBSTITUTE,10,NORMAL
6,394,SUBSTITUTE,10,LEFT
6,394,SUBSTITUTE,10,DH
6,394,SUBSTITUTE,10,LEFT_DH
6,395,SUBSTITUTE,11,NORMAL
6,395,SUBSTITUTE,11,LEFT
6,395,SUBSTITUTE,11,DH
6,395,SUBSTITUTE,11,LEFT_DH
6,396,SUBSTITUTE,12,NORMAL
6,396,SUBSTITUTE,12,LEFT
6,396,SUBSTITUTE,12,DH
6,396,SUBSTITUTE,12,LEFT_DH
6,397,SUBSTITUTE,13,NORMAL
6,397,SUBSTITUTE,13,LEFT
6,397,SUBSTITUTE,13,DH
6,397,SUBSTITUTE,13,LEFT_DH
7,428,CATCHER,1,NORMAL
7,428,CATCHER,1,LEFT
7,428,CATCHER,1,DH
7,428,CATCHER,1,LEFT_DH
7,429,FIRST_BASEMAN,2,NORMAL
7,429,FIRST_BASEMAN,2,LEFT
7,429,FIRST_BASEMAN,2,DH
7,429,FIRST_BASEMAN,2,LEFT_DH
7,430,SECOND_BASEMAN,3,NORMAL
7,430,SECOND_BASEMAN,3,LEFT
7,430,SECOND_BASEMAN,3,DH
7,430,SECOND_BASEMAN,3,LEFT_DH
7,431,SHORTSTOP,4,NORMAL
7,431,SHORTSTOP,4,LEFT
7,431,SHORTSTOP,4,DH
7,431,SHORTSTOP,4,LEFT_DH
7,432,THIRD_BASEMAN,5,NORMAL
7,432,THIRD_BASEMAN,5,LEFT
7,432,THIRD_BASEMAN,5,DH
7,432,THIRD_BASEMAN,5,LEFT_DH
7,433,LEFT_FIELDER,6,NORMAL
7,433,LEFT_FIELDER,6,LEFT
7,433,LEFT_FIELDER,6,DH
7,433,LEFT_FIELDER,6,LEFT_DH
7,434,CENTER_FIELDER,7,NORMAL
7,434,CENTER_FIELDER,7,LEFT
7,434,CENTER_FIELDER,7,DH
7,434,CENTER_FIELDER,7,LEFT_DH
7,435,RIGHT_FIELDER,8,NORMAL
7,435,RIGHT_FIELDER,8,LEFT
7,435,RIGHT_FIELDER,8,DH
7,435,RIGHT_FIELDER,8,LEFT_DH
7,436,BENCH,9,NORMAL
7,436,BENCH,9,LEFT
7,436,DH,9,DH
7,436,DH,9,LEFT_DH
7,437,PITCHER,9,NORMAL
7,437,PITCHER,9,LEFT
7,438,BENCH,1,NORMAL
7,438,BENCH,1,LEFT
7,438,BENCH,1,DH
7,438,BENCH,1,LEFT_DH
7,439,BENCH,2,NORMAL
7,439,BENCH,2,LEFT
7,439,BENCH,2,DH
7,439,BENCH,2,LEFT_DH
7,440,BENCH,3,NORMAL
7,440,BENCH,3,LEFT
7,440,BENCH,3,DH
7,440,BENCH,3,LEFT_DH
7,441,BENCH,4,NORMAL
7,441,BENCH,4,LEFT
7,441,BENCH,4,DH
7,441,BENCH,4,LEFT_DH
7,442,BENCH,5,NORMAL
7,442,BENCH,5,LEFT
7,442,BENCH,5,DH
7,442,BENCH,5,LEFT_DH
7,443,BENCH,6,NORMAL
7,443,BENCH,6,LEFT
7,443,BENCH,6,DH
7,443,BENCH,6,LEFT_DH
7,444,BENCH,7,NORMAL
7,444,BENCH,7,LEFT
7,444,BENCH,7,DH
7,444,BENCH,7,LEFT_DH
7,445,BENCH,8,NORMAL
7,445,BENCH,8,LEFT
7,445,BENCH,8,DH
7,445,BENCH,8,LEFT_DH
7,446,SUBSTITUTE,1,NORMAL
7,446,SUBSTITUTE,1,LEFT
7,446,SUBSTITUTE,1,DH
7,446,SUBSTITUTE,1,LEFT_DH
7,447,SUBSTITUTE,2,NORMAL
7,447,SUBSTITUTE,2,LEFT
7,447,SUBSTITUTE,2,DH
7,447,SUBSTITUTE,2,LEFT_DH
7,448,SUBSTITUTE,3,NORMAL
7,448,SUBSTITUTE,3,LEFT
7,448,SUBSTITUTE,3,DH
7,448,SUBSTITUTE,3,LEFT_DH
7,449,SUBSTITUTE,4,NORMAL
7,449,SUBSTITUTE,4,LEFT
7,449,SUBSTITUTE,4,DH
7,449,SUBSTITUTE,4,LEFT_DH
7,450,SUBSTITUTE,5,NORMAL
7,450,SUBSTITUTE,5,LEFT
7,450,SUBSTITUTE,5,DH
7,450,SUBSTITUTE,5,LEFT_DH
7,451,SUBSTITUTE,6,NORMAL
7,451,SUBSTITUTE,6,LEFT
7,451,SUBSTITUTE,6,DH
7,451,SUBSTITUTE,6,LEFT_DH
7,452,SUBSTITUTE,7,NORMAL
7,452,SUBSTITUTE,7,LEFT
7,452,SUBSTITUTE,7,DH
7,452,SUBSTITUTE,7,LEFT_DH
7,453,SUBSTITUTE,8,NORMAL
7,453,SUBSTITUTE,8,LEFT
7,453,SUBSTITUTE,8,DH
7,453,SUBSTITUTE,8,LEFT_DH
7,454,SUBSTITUTE,9,NORMAL
7,454,SUBSTITUTE,9,LEFT
7,454,SUBSTITUTE,9,DH
7,454,SUBSTITUTE,9,LEFT_DH
7,455,SUBSTITUTE,10,NORMAL
7,455,SUBSTITUTE,10,LEFT
7,455,SUBSTITUTE,10,DH
7,455,SUBSTITUTE,10,LEFT_DH
7,456,SUBSTITUTE,11,NORMAL
7,456,SUBSTITUTE,11,LEFT
7,456,SUBSTITUTE,11,DH
7,456,SUBSTITUTE,11,LEFT_DH
7,457,SUBSTITUTE,12,NORMAL
7,457,SUBSTITUTE,12,LEFT
7,457,SUBSTITUTE,12,DH
7,457,SUBSTITUTE,12,LEFT_DH
7,458,SUBSTITUTE,13,NORMAL
7,458,SUBSTITUTE,13,LEFT
7,458,SUBSTITUTE,13,DH
7,458,SUBSTITUTE,13,LEFT_DH
8,489,CATCHER,1,NORMAL
8,489,CATCHER,1,LEFT
8,489,CATCHER,1,DH
8,489,CATCHER,1,LEFT_DH
8,490,FIRST_BASEMAN,2,NORMAL
8,490,FIRST_BASEMAN,2,LEFT
8,490,FIRST_BASEMAN,2,DH
8,490,FIRST_BASEMAN,2,LEFT_DH
8,491,SECOND_BASEMAN,3,NORMAL
8,491,SECOND_BASEMAN,3,LEFT
8,491,SECOND_BASEMAN,3,DH
8,491,SECOND_BASEMAN,3,LEFT_DH
8,492,SHORTSTOP,4,NORMAL
8,492,SHORTSTOP,4,LEFT
8,492,SHORTSTOP,4,DH
8,492,SHORTSTOP,4,LEFT_DH
8,493,THIRD_BASEMAN,5,NORMAL
8,493,THIRD_BASEMAN,5,LEFT
8,493,THIRD_BASEMAN,5,DH
8,493,THIRD_BASEMAN,5,LEFT_DH
8,494,LEFT_FIELDER,6,NORMAL
8,494,LEFT_FIELDER,6,LEFT
8,494,LEFT_FIELDER,6,DH
8,494,LEFT_FIELDER,6,LEFT_DH
8,495,CENTER_FIELDER,7,NORMAL
8,495,CENTER_FIELDER,7,LEFT
8,495,CENTER_FIELDER,7,DH
8,495,CENTER_FIELDER,7,LEFT_DH
8,496,RIGHT_FIELDER,8,NORMAL
8,496,RIGHT_FIELDER,8,LEFT
8,496,RIGHT_FIELDER,8,DH
8,496,RIGHT_FIELDER,8,LEFT_DH
8,497,BENCH,9,NORMAL
8,497,BENCH,9,LEFT
8,497,DH,9,DH
8,497,DH,9,LEFT_DH
8,498,PITCHER,9,NORMAL
8,498,PITCHER,9,LEFT
8,499,BENCH,1,NORMAL
8,499,BENCH,1,LEFT
8,499,BENCH,1,DH
8,499,BENCH,1,LEFT_DH
8,500,BENCH,2,NORMAL
8,500,BENCH,2,LEFT
8,500,BENCH,2,DH
8,500,BENCH,2,LEFT_DH
8,501,BENCH,3,NORMAL
8,501,BENCH,3,LEFT
8,501,BENCH,3,DH
8,501,BENCH,3,LEFT_DH
8,502,BENCH,4,NORMAL
8,502,BENCH,4,LEFT
8,502,BENCH,4,DH
8,502,BENCH,4,LEFT_DH
8,503,BENCH,5,NORMAL
8,503,BENCH,5,LEFT
8,503,BENCH,5,DH
8,503,BENCH,5,LEFT_DH
8,504,BENCH,6,NORMAL
8,504,BENCH,6,LEFT
8,504,BENCH,6,DH
8,504,BENCH,6,LEFT_DH
8,505,BENCH,7,NORMAL
8,505,BENCH,7,LEFT
8,505,BENCH,7,DH
8,505,BENCH,7,LEFT_DH
8,506,BENCH,8,NORMAL
8,506,BENCH,8,LEFT
8,506,BENCH,8,DH
8,506,BENCH,8,LEFT_DH
8,507,SUBSTITUTE,1,NORMAL
8,507,SUBSTITUTE,1,LEFT
8,507,SUBSTITUTE,1,DH
8,507,SUBSTITUTE,1,LEFT_DH
8,508,SUBSTITUTE,2,NORMAL
8,508,SUBSTITUTE,2,LEFT
8,508,SUBSTITUTE,2,DH
8,508,SUBSTITUTE,2,LEFT_DH
8,509,SUBSTITUTE,3,NORMAL
8,509,SUBSTITUTE,3,LEFT
8,509,SUBSTITUTE,3,DH
8,509,SUBSTITUTE,3,LEFT_DH
8,510,SUBSTITUTE,4,NORMAL
8,510,SUBSTITUTE,4,LEFT
8,510,SUBSTITUTE,4,DH
8,510,SUBSTITUTE,4,LEFT_DH
8,511,SUBSTITUTE,5,NORMAL
8,511,SUBSTITUTE,5,LEFT
8,511,SUBSTITUTE,5,DH
8,511,SUBSTITUTE,5,LEFT_DH
8,512,SUBSTITUTE,6,NORMAL
8,512,SUBSTITUTE,6,LEFT
8,512,SUBSTITUTE,6,DH
8,512,SUBSTITUTE,6,LEFT_DH
8,513,SUBSTITUTE,7,NORMAL
8,513,SUBSTITUTE,7,LEFT
8,513,SUBSTITUTE,7,DH
8,513,SUBSTITUTE,7,LEFT_DH
8,514,SUBSTITUTE,8,NORMAL
8,514,SUBSTITUTE,8,LEFT
8,514,SUBSTITUTE,8,DH
8,514,SUBSTITUTE,8,LEFT_DH
8,515,SUBSTITUTE,9,NORMAL
8,515,SUBSTITUTE,9,LEFT
8,515,SUBSTITUTE,9,DH
8,515,SUBSTITUTE,9,LEFT_DH
8,516,SUBSTITUTE,10,NORMAL
8,516,SUBSTITUTE,10,LEFT
8,516,SUBSTITUTE,10,DH
8,516,SUBSTITUTE,10,LEFT_DH
8,517,SUBSTITUTE,11,NORMAL
8,517,SUBSTITUTE,11,LEFT
8,517,SUBSTITUTE,11,DH
8,517,SUBSTITUTE,11,LEFT_DH
8,518,SUBSTITUTE,12,NORMAL
8,518,SUBSTITUTE,12,LEFT
8,518,SUBSTITUTE,12,DH
8,518,SUBSTITUTE,12,LEFT_DH
8,519,SUBSTITUTE,13,NORMAL
8,519,SUBSTITUTE,13,LEFT
8,519,SUBSTITUTE,13,DH
8,519,SUBSTITUTE,13,LEFT_DH
9,550,CATCHER,1,NORMAL
9,550,CATCHER,1,LEFT
9,550,CATCHER,1,DH
9,550,CATCHER,1,LEFT_DH
9,551,FIRST_BASEMAN,2,NORMAL
9,551,FIRST_BASEMAN,2,LEFT
9,551,FIRST_BASEMAN,2,DH
9,551,FIRST_BASEMAN,2,LEFT_DH
9,552,SECOND_BASEMAN,3,NORMAL
9,552,SECOND_BASEMAN,3,LEFT
9,552,SECOND_BASEMAN,3,DH
9,552,SECOND_BASEMAN,3,LEFT_DH
9,553,SHORTSTOP,4,NORMAL
9,553,SHORTSTOP,4,LEFT
9,553,SHORTSTOP,4,DH
9,553,SHORTSTOP,4,LEFT_DH
9,554,THIRD_BASEMAN,5,NORMAL
9,554,THIRD_BASEMAN,5,LEFT
9,554,THIRD_BASEMAN,5,DH
9,554,THIRD_BASEMAN,5,LEFT_DH
9,555,LEFT_FIELDER,6,NORMAL
9,555,LEFT_FIELDER,6,LEFT
9,555,LEFT_FIELDER,6,DH
9,555,LEFT_FIELDER,6,LEFT_DH
9,556,CENTER_FIELDER,7,NORMAL
9,556,CENTER_FIELDER,7,LEFT
9,556,CENTER_FIELDER,7,DH
9,556,CENTER_FIELDER,7,LEFT_DH
9,557,RIGHT_FIELDER,8,NORMAL
9,557,RIGHT_FIELDER,8,LEFT
9,557,RIGHT_FIELDER,8,DH
9,557,RIGHT_FIELDER,8,LEFT_DH
9,558,BENCH,9,NORMAL
9,558,BENCH,9,LEFT
9,558,DH,9,DH
9,558,DH,9,LEFT_DH
9,559,PITCHER,9,NORMAL
9,559,PITCHER,9,LEFT
9,560,BENCH,1,NORMAL
9,560,BENCH,1,LEFT
9,560,BENCH,1,DH
9,560,BENCH,1,LEFT_DH
9,561,BENCH,2,NORMAL
9,561,BENCH,2,LEFT
9,561,BENCH,2,DH
9,561,BENCH,2,LEFT_DH
9,562,BENCH,3,NORMAL
9,562,BENCH,3,LEFT
9,562,BENCH,3,DH
9,562,BENCH,3,LEFT_DH
9,563,BENCH,4,NORMAL
9,563,BENCH,4,LEFT
9,563,BENCH,4,DH
9,563,BENCH,4,LEFT_DH
9,564,BENCH,5,NORMAL
9,564,BENCH,5,LEFT
9,564,BENCH,5,DH
9,564,BENCH,5,LEFT_DH
9,565,BENCH,6,NORMAL
9,565,BENCH,6,LEFT
9,565,BENCH,6,DH
9,565,BENCH,6,LEFT_DH
9,566,BENCH,7,NORMAL
9,566,BENCH,7,LEFT
9,566,BENCH,7,DH
9,566,BENCH,7,LEFT_DH
9,567,BENCH,8,NORMAL
9,567,BENCH,8,LEFT
9,567,BENCH,8,DH
9,567,BENCH,8,LEFT_DH
9,568,SUBSTITUTE,1,NORMAL
9,568,SUBSTITUTE,1,LEFT
9,568,SUBSTITUTE,1,DH
9,568,SUBSTITUTE,1,LEFT_DH
9,569,SUBSTITUTE,2,NORMAL
9,569,SUBSTITUTE,2,LEFT
9,569,SUBSTITUTE,2,DH
9,569,SUBSTITUTE,2,LEFT_DH
9,570,SUBSTITUTE,3,NORMAL
9,570,SUBSTITUTE,3,LEFT
9,570,SUBSTITUTE,3,DH
9,570,SUBSTITUTE,3,LEFT_DH
9,571,SUBSTITUTE,4,NORMAL
9,571,SUBSTITUTE,4,LEFT
9,571,SUBSTITUTE,4,DH
9,571,SUBSTITUTE,4,LEFT_DH
9,572,SUBSTITUTE,5,NORMAL
9,572,SUBSTITUTE,5,LEFT
9,572,SUBSTITUTE,5,DH
9,572,SUBSTITUTE,5,LEFT_DH
9,573,SUBSTITUTE,6,NORMAL
9,573,SUBSTITUTE,6,LEFT
9,573,SUBSTITUTE,6,DH
9,573,SUBSTITUTE,6,LEFT_DH
9,574,SUBSTITUTE,7,NORMAL
9,574,SUBSTITUTE,7,LEFT
9,574,SUBSTITUTE,7,DH
9,574,SUBSTITUTE,7,LEFT_DH
9,575,SUBSTITUTE,8,NORMAL
9,575,SUBSTITUTE,8,LEFT
9,575,SUBSTITUTE,8,DH
9,575,SUBSTITUTE,8,LEFT_DH
9,576,SUBSTITUTE,9,NORMAL
9,576,SUBSTITUTE,9,LEFT
9,576,SUBSTITUTE,9,DH
9,576,SUBSTITUTE,9,LEFT_DH
9,577,SUBSTITUTE,10,NORMAL
9,577,SUBSTITUTE,10,LEFT
9,577,SUBSTITUTE,10,DH
9,577,SUBSTITUTE,10,LEFT_DH
9,578,SUBSTITUTE,11,NORMAL
9,578,SUBSTITUTE,11,LEFT
9,578,SUBSTITUTE,11,DH
9,578,SUBSTITUTE,11,LEFT_DH
9,579,SUBSTITUTE,12,NORMAL
9,579,SUBSTITUTE,12,LEFT
9,579,SUBSTITUTE,12,DH
9,579,SUBSTITUTE,12,LEFT_DH
9,580,SUBSTITUTE,13,NORMAL
9,580,SUBSTITUTE,13,LEFT
9,580,SUBSTITUTE,13,DH
9,580,SUBSTITUTE,13,LEFT_DH
10,611,CATCHER,1,NORMAL
10,611,CATCHER,1,LEFT
10,611,CATCHER,1,DH
10,611,CATCHER,1,LEFT_DH
10,612,FIRST_BASEMAN,2,NORMAL
10,612,FIRST_BASEMAN,2,LEFT
10,612,FIRST_BASEMAN,2,DH
10,612,FIRST_BASEMAN,2,LEFT_DH
10,613,SECOND_BASEMAN,3,NORMAL
10,613,SECOND_BASEMAN,3,LEFT
10,613,SECOND_BASEMAN,3,DH
10,613,SECOND_BASEMAN,3,LEFT_DH
10,614,SHORTSTOP,4,NORMAL
10,614,SHORTSTOP,4,LEFT
10,614,SHORTSTOP,4,DH
10,614,SHORTSTOP,4,LEFT_DH
10,615,THIRD_BASEMAN,5,NORMAL
10,615,THIRD_BASEMAN,5,LEFT
10,615,THIRD_BASEMAN,5,DH
10,615,THIRD_BASEMAN,5,LEFT_DH
10,616,LEFT_FIELDER,6,NORMAL
10,616,LEFT_FIELDER,6,LEFT
10,616,LEFT_FIELDER,6,DH
10,616,LEFT_FIELDER,6,LEFT_DH
10,617,CENTER_FIELDER,7,NORMAL
10,617,CENTER_FIELDER,7,LEFT
10,617,CENTER_FIELDER,7,DH
10,617,CENTER_FIELDER,7,LEFT_DH
10,618,RIGHT_FIELDER,8,NORMAL
10,618,RIGHT_FIELDER,8,LEFT
10,618,RIGHT_FIELDER,8,DH
10,618,RIGHT_FIELDER,8,LEFT_DH
10,619,BENCH,9,NORMAL
10,619,BENCH,9,LEFT
10,619,DH,9,DH
10,619,DH,9,LEFT_DH
10,620,PITCHER,9,NORMAL
10,620,PITCHER,9,LEFT
10,621,BENCH,1,NORMAL
10,621,BENCH,1,LEFT
10,621,BENCH,1,DH
10,621,BENCH,1,LEFT_DH
10,622,BENCH,2,NORMAL
10,622,BENCH,2,LEFT
10,622,BENCH,2,DH
10,622,BENCH,2,LEFT_DH
10,623,BENCH,3,NORMAL
10,623,BENCH,3,LEFT
10,623,BENCH,3,DH
10,623,BENCH,3,LEFT_DH
10,624,BENCH,4,NORMAL
10,624,BENCH,4,LEFT
10,624,BENCH,4,DH
10,624,BENCH,4,LEFT_DH
10,625,BENCH,5,NORMAL
10,625,BENCH,5,LEFT
10,625,BENCH,5,DH
10,625,BENCH,5,LEFT_DH
10,626,BENCH,6,NORMAL
10,626,BENCH,6,LEFT
10,626,BENCH,6,DH
10,626,BENCH,6,LEFT_DH
10,627,BENCH,7,NORMAL
10,627,BENCH,7,LEFT
10,627,BENCH,7,DH
10,627,BENCH,7,LEFT_DH
10,628,BENCH,8,NORMAL
10,628,BENCH,8,LEFT
10,628,BENCH,8,DH
10,628,BENCH,8,LEFT_DH
10,629,SUBSTITUTE,1,NORMAL
10,629,SUBSTITUTE,1,LEFT
10,629,SUBSTITUTE,1,DH
10,629,SUBSTITUTE,1,LEFT_DH
10,630,SUBSTITUTE,2,NORMAL
10,630,SUBSTITUTE,2,LEFT
10,630,SUBSTITUTE,2,DH
10,630,SUBSTITUTE,2,LEFT_DH
10,631,SUBSTITUTE,3,NORMAL
10,631,SUBSTITUTE,3,LEFT
10,631,SUBSTITUTE,3,DH
10,631,SUBSTITUTE,3,LEFT_DH
10,632,SUBSTITUTE,4,NORMAL
10,632,SUBSTITUTE,4,LEFT
10,632,SUBSTITUTE,4,DH
10,632,SUBSTITUTE,4,LEFT_DH
10,633,SUBSTITUTE,5,NORMAL
10,633,SUBSTITUTE,5,LEFT
10,633,SUBSTITUTE,5,DH
10,633,SUBSTITUTE,5,LEFT_DH
10,634,SUBSTITUTE,6,NORMAL
10,634,SUBSTITUTE,6,LEFT
10,634,SUBSTITUTE,6,DH
10,634,SUBSTITUTE,6,LEFT_DH
10,635,SUBSTITUTE,7,NORMAL
10,635,SUBSTITUTE,7,LEFT
10,635,SUBSTITUTE,7,DH
10,635,SUBSTITUTE,7,LEFT_DH
10,636,SUBSTITUTE,8,NORMAL
10,636,SUBSTITUTE,8,LEFT
10,636,SUBSTITUTE,8,DH
10,636,SUBSTITUTE,8,LEFT_DH
10,637,SUBSTITUTE,9,NORMAL
10,637,SUBSTITUTE,9,LEFT
10,637,SUBSTITUTE,9,DH
10,637,SUBSTITUTE,9,LEFT_DH
10,638,SUBSTITUTE,10,NORMAL
10,638,SUBSTITUTE,10,LEFT
10,638,SUBSTITUTE,10,DH
10,638,SUBSTITUTE,10,LEFT_DH
10,639,SUBSTITUTE,11,NORMAL
10,639,SUBSTITUTE,11,LEFT
10,639,SUBSTITUTE,11,DH
10,639,SUBSTITUTE,11,LEFT_DH
10,640,SUBSTITUTE,12,NORMAL
10,640,SUBSTITUTE,12,LEFT
10,640,SUBSTITUTE,12,DH
10,640,SUBSTITUTE,12,LEFT_DH
10,641,SUBSTITUTE,13,NORMAL
10,641,SUBSTITUTE,13,LEFT
10,641,SUBSTITUTE,13,DH
10,641,SUBSTITUTE,13,LEFT_DH
11,672,CATCHER,1,NORMAL
11,672,CATCHER,1,LEFT
11,672,CATCHER,1,DH
11,672,CATCHER,1,LEFT_DH
11,673,FIRST_BASEMAN,2,NORMAL
11,673,FIRST_BASEMAN,2,LEFT
11,673,FIRST_BASEMAN,2,DH
11,673,FIRST_BASEMAN,2,LEFT_DH
11,674,SECOND_BASEMAN,3,NORMAL
11,674,SECOND_BASEMAN,3,LEFT
11,674,SECOND_BASEMAN,3,DH
11,674,SECOND_BASEMAN,3,LEFT_DH
11,675,SHORTSTOP,4,NORMAL
11,675,SHORTSTOP,4,LEFT
11,675,SHORTSTOP,4,DH
11,675,SHORTSTOP,4,LEFT_DH
11,676,THIRD_BASEMAN,5,NORMAL
11,676,THIRD_BASEMAN,5,LEFT
11,676,THIRD_BASEMAN,5,DH
11,676,THIRD_BASEMAN,5,LEFT_DH
11,677,LEFT_FIELDER,6,NORMAL
11,677,LEFT_FIELDER,6,LEFT
11,677,LEFT_FIELDER,6,DH
11,677,LEFT_FIELDER,6,LEFT_DH
11,678,CENTER_FIELDER,7,NORMAL
11,678,CENTER_FIELDER,7,LEFT
11,678,CENTER_FIELDER,7,DH
11,678,CENTER_FIELDER,7,LEFT_DH
11,679,RIGHT_FIELDER,8,NORMAL
11,679,RIGHT_FIELDER,8,LEFT
11,679,RIGHT_FIELDER,8,DH
11,679,RIGHT_FIELDER,8,LEFT_DH
11,680,BENCH,9,NORMAL
11,680,BENCH,9,LEFT
11,680,DH,9,DH
11,680,DH,9,LEFT_DH
11,681,PITCHER,9,NORMAL
11,681,PITCHER,9,LEFT
11,682,BENCH,1,NORMAL
11,682,BENCH,1,LEFT
11,682,BENCH,1,DH
11,682,BENCH,1,LEFT_DH
11,683,BENCH,2,NORMAL
11,683,BENCH,2,LEFT
11,683,BENCH,2,DH
11,683,BENCH,2,LEFT_DH
11,684,BENCH,3,NORMAL
11,684,BENCH,3,LEFT
11,684,BENCH,3,DH
11,684,BENCH,3,LEFT_DH
11,685,BENCH,4,NORMAL
11,685,BENCH,4,LEFT
11,685,BENCH,4,DH
11,685,BENCH,4,LEFT_DH
11,686,BENCH,5,NORMAL
11,686,BENCH,5,LEFT
11,686,BENCH,5,DH
11,686,BENCH,5,LEFT_DH
11,687,BENCH,6,NORMAL
11,687,BENCH,6,LEFT
11,687,BENCH,6,DH
11,687,BENCH,6,LEFT_DH
11,688,BENCH,7,NORMAL
11,688,BENCH,7,LEFT
11,688,BENCH,7,DH
11,688,BENCH,7,LEFT_DH
11,689,BENCH,8,NORMAL
11,689,BENCH,8,LEFT
11,689,BENCH,8,DH
11,689,BENCH,8,LEFT_DH
11,690,SUBSTITUTE,1,NORMAL
11,690,SUBSTITUTE,1,LEFT
11,690,SUBSTITUTE,1,DH
11,690,SUBSTITUTE,1,LEFT_DH
11,691,SUBSTITUTE,2,NORMAL
11,691,SUBSTITUTE,2,LEFT
11,691,SUBSTITUTE,2,DH
11,691,SUBSTITUTE,2,LEFT_DH
11,692,SUBSTITUTE,3,NORMAL
11,692,SUBSTITUTE,3,LEFT
11,692,SUBSTITUTE,3,DH
11,692,SUBSTITUTE,3,LEFT_DH
11,693,SUBSTITUTE,4,NORMAL
11,693,SUBSTITUTE,4,LEFT
11,693,SUBSTITUTE,4,DH
11,693,SUBSTITUTE,4,LEFT_DH
11,694,SUBSTITUTE,5,NORMAL
11,694,SUBSTITUTE,5,LEFT
11,694,SUBSTITUTE,5,DH
11,694,SUBSTITUTE,5,LEFT_DH
11,695,SUBSTITUTE,6,NORMAL
11,695,SUBSTITUTE,6,LEFT
11,695,SUBSTITUTE,6,DH
11,695,SUBSTITUTE,6,LEFT_DH
11,696,SUBSTITUTE,7,NORMAL
11,696,SUBSTITUTE,7,LEFT
11,696,SUBSTITUTE,7,DH
11,696,SUBSTITUTE,7,LEFT_DH
11,697,SUBSTITUTE,8,NORMAL
11,697,SUBSTITUTE,8,LEFT
11,697,SUBSTITUTE,8,DH
11,697,SUBSTITUTE,8,LEFT_DH
11,698,SUBSTITUTE,9,NORMAL
11,698,SUBSTITUTE,9,LEFT
11,698,SUBSTITUTE,9,DH
11,698,SUBSTITUTE,9,LEFT_DH
11,699,SUBSTITUTE,10,NORMAL
11,699,SUBSTITUTE,10,LEFT
11,699,SUBSTITUTE,10,DH
11,699,SUBSTITUTE,10,LEFT_DH
11,700,SUBSTITUTE,11,NORMAL
11,700,SUBSTITUTE,11,LEFT
11,700,SUBSTITUTE,11,DH
11,700,SUBSTITUTE,11,LEFT_DH
11,701,SUBSTITUTE,12,NORMAL
11,701,SUBSTITUTE,12,LEFT
11,701,SUBSTITUTE,12,DH
11,701,SUBSTITUTE,12,LEFT_DH
11,702,SUBSTITUTE,13,NORMAL
11,702,SUBSTITUTE,13,LEFT
11,702,SUBSTITUTE,13,DH
11,702,SUBSTITUTE,13,LEFT_DH
